Crypto-currency,Start Timestamp,Keyword 'coin',Keyword 'token',Keyword 'bit',Token,Coin,Platform
0x,1502971200000,False,False,False,True,False,False
10mtoken,1508846400000,False,True,False,True,False,False
1337coin,1447156800000,True,False,False,False,True,False
1credit,1458734400000,False,False,False,False,True,False
2give,1463486400000,False,False,False,False,True,False
300-token,1500984000000,False,True,False,True,False,False
42-coin,1389700800000,True,False,False,False,True,False
808coin,1469534400000,True,False,False,False,True,False
8bit,1429444800000,False,False,True,False,True,False
9coin,1494763200000,True,False,False,False,True,False
abjcoin,1510401600000,True,False,False,False,True,False
abncoin,1484913600000,True,False,False,False,True,False
accelerator-network,1511611200000,False,False,False,False,True,False
aces,1471694400000,False,False,False,False,True,False
achain,1503921600000,False,False,False,False,True,False
acoin,1410696000000,True,False,False,False,True,False
adcoin,1503662400000,True,False,False,False,True,False
adelphoi,1497700800000,False,False,False,True,False,False
adshares,1502625600000,False,False,False,True,False,False
adtoken,1498996800000,False,True,False,True,False,False
advanced-internet-blocks,1430395200000,False,False,False,False,True,False
adx-net,1498996800000,False,False,False,True,False,False
adzcoin,1451131200000,True,False,False,False,True,False
aeon,1438776000000,False,False,False,False,True,False
aerium,1511006400000,False,False,False,False,True,False
aeron,1510142400000,False,False,False,False,True,False
aeternity,1496404800000,False,False,False,True,False,False
agoras-tokens,1440417600000,False,True,False,True,False,False
agrello-delta,1505044800000,False,False,False,True,False,False
agrolifecoin,1472990400000,True,False,False,False,True,False
aidos-kuneen,1496750400000,False,False,False,False,True,False
aion,1508414400000,False,False,False,True,False,False
airswap,1508328000000,False,False,False,True,False,False
airtoken,1507723200000,False,True,False,True,False,False
akuya-coin,1508241600000,True,False,False,False,True,False
alis,1507896000000,False,False,False,True,False,False
allion,1488024000000,False,False,False,False,True,False
allsafe,1477828800000,False,False,False,False,True,False
alpacoin,1453723200000,True,False,False,False,True,False
alphabitcoinfund,1463659200000,True,False,True,True,False,False
alqo,1511265600000,False,False,False,False,True,False
altcoin-alt,1493208000000,True,False,False,True,False,False
amber,1508846400000,False,False,False,True,False,False
ambercoin,1423310400000,True,False,False,False,True,False
amis,1492776000000,False,False,False,True,False,False
ammo-rewards,1497355200000,False,False,False,False,True,False
amsterdamcoin,1440158400000,True,False,False,False,True,False
anarchistsprime,1436875200000,False,False,False,False,True,False
animecoin,1393588800000,True,False,False,False,True,False
anoncoin,1373889600000,True,False,False,False,True,False
anryze,1511870400000,False,False,False,False,True,False
antibitcoin,1450267200000,True,False,True,False,True,False
antilitecoin,1458388800000,True,False,False,False,True,False
antimatter,1498392000000,False,False,False,False,True,False
applebyte,1402574400000,False,False,False,False,True,False
applecoin-apw,1502625600000,True,False,False,False,True,False
apx,1495713600000,False,False,False,True,False,False
aquariuscoin,1462363200000,True,False,False,False,True,False
aragon,1495195200000,False,False,False,True,False,False
arbit,1432209600000,False,False,True,False,True,False
arcade-token,1480680000000,False,True,False,True,False,False
arcticcoin,1476964800000,True,False,False,False,True,False
ardor,1469361600000,False,False,False,True,False,False
argentum,1372939200000,False,False,False,False,True,False
argus,1488196800000,False,False,False,False,True,False
aricoin,1392984000000,True,False,False,False,True,False
ark,1490270400000,False,False,False,False,True,False
artbyte,1402574400000,False,False,False,False,True,False
artex-coin,1472558400000,True,False,False,False,True,False
asch,1491134400000,False,False,False,False,True,False
aseancoin,1503230400000,True,False,False,False,True,False
asiacoin,1398081600000,True,False,False,False,True,False
asiadigicoin,1456228800000,True,False,False,False,True,False
asiccoin,1388577600000,True,False,False,False,True,False
astro,1510920000000,False,False,False,False,True,False
atbcoin,1505822400000,True,False,False,False,True,False
atc-coin,1498392000000,True,False,False,False,True,False
atmcoin,1503576000000,True,False,False,False,True,False
atmos,1492516800000,False,False,False,False,True,False
atomic-coin,1476100800000,True,False,False,False,True,False
attention-token-of-media,1507118400000,False,True,False,True,False,False
audiocoin,1433592000000,True,False,False,False,True,False
augur,1446033600000,False,False,False,True,False,False
aureus,1503921600000,False,False,False,False,True,False
auroracoin,1393502400000,True,False,False,False,True,False
aurumcoin,1412856000000,True,False,False,False,True,False
authorship,1508068800000,False,False,False,True,False,False
autonio,1510056000000,False,False,False,False,True,False
avatarcoin,1452081600000,True,False,False,False,True,False
aventus,1504785600000,False,False,False,True,False,False
avoncoin,1486728000000,True,False,False,False,True,False
axfunds,1479470400000,False,False,False,False,True,False
axiom,1438257600000,False,False,False,False,True,False
b2bx,1511265600000,False,False,False,False,True,False
b3coin,1472990400000,True,False,False,False,True,False
bagcoin,1469188800000,True,False,False,False,True,False
bancor,1498219200000,False,False,False,True,False,False
bankcoin,1490961600000,True,False,False,True,False,False
basic-attention-token,1496318400000,False,True,False,True,False,False
bastonet,1507982400000,False,False,False,False,True,False
bata,1432900800000,False,False,False,False,True,False
batcoin,1393848000000,True,False,False,False,True,False
bbqcoin,1368014400000,True,False,False,False,True,False
bcap,1494590400000,False,False,False,True,False,False
beatcoin,1474545600000,True,False,False,False,True,False
beavercoin,1412510400000,True,False,False,False,True,False
belacoin,1395316800000,True,False,False,False,True,False
benjirolls,1484913600000,False,False,False,False,True,False
berncash,1460376000000,False,False,False,False,True,False
bestchain,1491134400000,False,False,False,False,True,False
betacoin,1387108800000,True,False,False,False,True,False
biblepay,1503921600000,False,False,False,False,True,False
bigup,1458734400000,False,False,False,False,True,False
billarycoin,1463832000000,True,False,False,False,True,False
billionaire-token,1506254400000,False,True,False,True,False,False
binance-coin,1500984000000,True,False,False,True,False,False
biobar,1490097600000,False,False,False,False,True,False
bios-crypto,1438084800000,False,False,False,False,True,False
bipcoin,1478260800000,True,False,False,False,True,False
birds,1501502400000,False,False,False,False,True,False
bismuth,1506945600000,False,False,False,False,True,False
bit20,1500465600000,False,False,True,True,False,False
bitalphacoin,1453550400000,True,False,True,False,True,False
bitasean,1502625600000,False,False,True,True,False,False
bitbar,1368187200000,False,False,True,False,True,False
bitbay,1416225600000,False,False,True,False,True,False
bitbean,1424347200000,False,False,True,False,True,False
bitboost,1511092800000,False,False,True,False,True,False
bitbtc,1411473600000,False,False,True,True,False,False
bitcedi,1464955200000,False,False,True,False,True,False
bitcentavo,1410696000000,False,False,True,False,True,False
bitcloud,1473768000000,False,False,True,False,True,False
bitcny,1411473600000,False,False,True,True,False,False
bitcoal,1500638400000,False,False,True,False,True,False
bitcoin,1367236800000,True,False,True,False,True,False
bitcoin-21,1462536000000,True,False,True,False,True,False
bitcoin-cash,1500897600000,True,False,True,False,True,False
bitcoin-diamond,1511611200000,True,False,True,False,True,False
bitcoin-gold,1508846400000,True,False,True,False,True,False
bitcoin-planet,1498392000000,True,False,True,False,True,False
bitcoin-plus,1399204800000,True,False,True,False,True,False
bitcoin-red,1509019200000,True,False,True,True,False,False
bitcoin-scrypt,1395057600000,True,False,True,False,True,False
bitcoin-silver,1509105600000,True,False,True,True,False,False
bitcoin-unlimited,1490875200000,True,False,True,False,True,False
bitcoin2x,1511265600000,True,False,True,False,True,False
bitcoincashscrypt,1508587200000,True,False,True,False,True,False
bitcoindark,1405598400000,True,False,True,False,True,False
bitcoinfast,1417953600000,True,False,True,False,True,False
bitcoinz,1507896000000,True,False,True,False,True,False
bitconnect,1485000000000,False,False,True,False,True,False
bitcore,1493380800000,False,False,True,False,True,False
bitcrystals,1442318400000,False,False,True,True,False,False
bitcurrency,1479470400000,False,False,True,False,True,False
bitdeal,1499860800000,False,False,True,False,True,False
bitdice,1506427200000,False,False,True,True,False,False
biteur,1433851200000,False,False,True,True,False,False
bitfid,1503921600000,False,False,True,False,True,False
bitgem,1372939200000,False,False,True,False,True,False
bitgold,1420459200000,False,False,True,True,False,False
bitland,1468065600000,False,False,True,True,False,False
bitmark,1408449600000,False,False,True,False,True,False
bitok,1498392000000,False,False,True,False,True,False
bitpark-coin,1483099200000,True,False,True,True,False,False
bitquark,1406721600000,False,False,True,False,True,False
bitquence,1500465600000,False,False,True,True,False,False
bitqy,1503921600000,False,False,True,True,False,False
bitradio,1498392000000,False,False,True,False,True,False
bitsend,1402315200000,False,False,True,False,True,False
bitserial,1511092800000,False,False,True,False,True,False
bitshares,1405944000000,False,False,True,False,True,True
bitsilver,1424952000000,False,False,True,True,False,False
bitsoar,1508328000000,False,False,True,False,True,False
bitstar,1398340800000,False,False,True,False,True,False
bitswift,1412596800000,False,False,True,False,True,False
bittokens,1472299200000,False,True,True,False,True,False
bitusd,1411473600000,False,False,True,True,False,False
bitvolt,1493640000000,False,False,True,False,True,False
bitz,1425902400000,False,False,True,False,True,False
bitzeny,1436529600000,False,False,True,False,True,False
bixc,1510056000000,False,False,False,False,True,False
blackcoin,1393588800000,True,False,False,False,True,False
blackmoon-crypto,1505995200000,False,False,False,True,False,False
blackstar,1482321600000,False,False,False,False,True,False
blakecoin,1392206400000,True,False,False,False,True,False
blakestar,1501502400000,False,False,False,False,True,False
blazecoin,1404043200000,True,False,False,False,True,False
blazercoin,1492516800000,True,False,False,False,True,False
blitzcash,1416225600000,False,False,False,False,True,False
blockcat,1502625600000,False,False,False,True,False,False
blockchain-index,1504440000000,False,False,False,True,False,False
blockmason,1508328000000,False,False,False,True,False,False
blocknet,1414929600000,False,False,False,False,True,False
blockpay,1473163200000,False,False,False,True,False,False
blockpool,1510315200000,False,False,False,False,True,False
blocktix,1502280000000,False,False,False,True,False,False
bluecoin,1398686400000,True,False,False,False,True,False
bnrtxcoin,1498996800000,True,False,False,False,True,False
bodhi,1511265600000,False,False,False,False,True,False
bolenum,1502971200000,False,False,False,True,False,False
bolivarcoin,1441800000000,True,False,False,False,True,False
bongger,1410177600000,False,False,False,False,True,False
boolberry,1403697600000,False,False,False,False,True,False
boostcoin,1401451200000,True,False,False,False,True,False
boscoin,1509019200000,True,False,False,False,True,False
bottlecaps,1372939200000,False,False,False,False,True,False
bowhead,1505649600000,False,False,False,True,False,False
bowscoin,1436875200000,True,False,False,False,True,False
braincoin,1461326400000,True,False,False,False,True,False
brat,1503921600000,False,False,False,True,False,False
breakout,1468324800000,False,False,False,False,True,False
breakout-stake,1468324800000,False,False,False,False,True,False
briacoin,1498737600000,True,False,False,False,True,False
bridgecoin,1507636800000,True,False,False,False,True,False
britcoin,1404475200000,True,False,False,False,True,False
bt1-cst,1509278400000,False,False,False,False,True,False
bt2-cst,1509278400000,False,False,False,False,True,False
btcdragon,1486900800000,False,False,False,False,True,False
btcgold,1493640000000,False,False,False,False,True,False
btctalkcoin,1399118400000,True,False,False,False,True,False
btsr,1458734400000,False,False,False,True,False,False
bubble,1431000000000,False,False,False,False,True,False
bumbacoin,1459252800000,True,False,False,False,True,False
bunnycoin,1410436800000,True,False,False,False,True,False
burst,1409486400000,False,False,False,False,True,True
burstocean,1489665600000,False,False,False,True,False,False
buzzcoin,1505304000000,True,False,False,False,True,False
byteball,1482926400000,False,False,False,False,True,False
bytecent,1416830400000,False,False,False,False,True,False
bytecoin-bcn,1403092800000,True,False,False,False,True,False
bytom,1502280000000,False,False,False,True,False,False
c-bit,1458129600000,False,False,True,False,True,False
cabbage,1459857600000,False,False,False,False,True,False
cachecoin,1392465600000,True,False,False,False,True,False
cagecoin,1397563200000,True,False,False,False,True,False
californium,1429704000000,False,False,False,False,True,False
caliphcoin,1475841600000,True,False,False,False,True,False
campuscoin,1501243200000,True,False,False,False,True,False
canada-ecoin,1399896000000,True,False,False,False,True,False
cannabiscoin,1407067200000,True,False,False,False,True,False
cannacoin,1398427200000,True,False,False,False,True,False
cannation,1494763200000,False,False,False,False,True,False
capricoin,1437739200000,True,False,False,False,True,False
carboncoin,1407067200000,True,False,False,False,True,False
cardano,1506945600000,False,False,False,False,True,False
cartaxi-token,1510142400000,False,True,False,False,True,False
cash-poker-pro,1509278400000,False,False,False,True,False,False
cashcoin,1393502400000,True,False,False,False,True,False
cashme,1448366400000,False,False,False,False,True,False
casino,1489665600000,False,False,False,True,False,False
casinocoin,1374753600000,True,False,False,False,True,False
catcoin,1388232000000,True,False,False,False,True,False
cbd-crystals,1478606400000,False,False,False,False,True,False
ccminer,1486814400000,False,False,False,True,False,False
centra,1506513600000,False,False,False,True,False,False
centurion,1487764800000,False,False,False,False,True,False
chaincoin,1437134400000,True,False,False,False,True,False
chainlink,1505995200000,False,False,False,True,False,False
chancoin,1498737600000,True,False,False,False,True,False
change,1508328000000,False,False,False,True,False,False
cheapcoin,1497960000000,True,False,False,False,True,False
chesscoin,1467460800000,True,False,False,False,True,False
chips,1506427200000,False,False,False,False,True,False
chncoin,1368014400000,True,False,False,False,True,False
chronobank,1488196800000,False,False,False,True,False,False
chronologic,1506427200000,False,False,False,True,False,False
chronos,1468929600000,False,False,False,False,True,False
cindicator,1507896000000,False,False,False,True,False,False
circuits-of-value,1422100800000,False,False,False,True,False,False
civic,1500379200000,False,False,False,True,False,False
clams,1409054400000,False,False,False,False,True,False
clearpoll,1509019200000,False,False,False,True,False,False
clinton,1462363200000,False,False,False,False,True,False
cloakcoin,1402142400000,True,False,False,False,True,False
clubcoin,1450785600000,True,False,False,False,True,False
cobinhood,1506859200000,False,False,False,True,False,False
coexistcoin,1461067200000,True,False,False,True,False,False
cofound-it,1497960000000,False,False,False,True,False,False
coimatic-2,1500984000000,False,False,False,False,True,False
coimatic-3,1508673600000,False,False,False,True,False,False
coin,1395144000000,True,False,False,False,True,False
coin2-1,1402315200000,True,False,False,False,True,False
coindash,1502107200000,True,False,False,True,False,False
coinonat,1492516800000,True,False,False,False,True,False
coinonatx,1502712000000,True,False,False,False,True,False
colossuscoin-v2,1426852800000,True,False,False,False,True,False
colossuscoinxt,1506772800000,True,False,False,False,True,False
comet,1467028800000,False,False,False,False,True,False
compcoin,1501848000000,True,False,False,False,True,False
compucoin,1437134400000,True,False,False,False,True,False
concoin,1492516800000,True,False,False,False,True,False
condensate,1494331200000,False,False,False,False,True,False
confido,1510142400000,False,False,False,False,True,False
copico,1511265600000,False,False,False,False,True,False
corethum,1511092800000,False,False,False,False,True,False
corgicoin,1393070400000,True,False,False,False,True,False
corion,1507982400000,False,False,False,True,False,False
coss,1506427200000,False,False,False,True,False,False
counterparty,1392552000000,False,False,False,False,True,True
coupecoin,1498392000000,True,False,False,False,True,False
crave,1427457600000,False,False,False,False,True,False
cream,1501502400000,False,False,False,False,True,False
creatio,1480680000000,False,False,False,False,True,False
creativecoin,1494849600000,True,False,False,False,True,False
creditbit,1453032000000,False,False,True,True,False,False
credo,1505304000000,False,False,False,True,False,False
crevacoin,1436356800000,True,False,False,False,True,False
crown,1415534400000,False,False,False,False,True,False
crtcoin,1399896000000,True,False,False,False,True,False
cryptcoin,1401192000000,True,False,False,False,True,False
crypto,1432036800000,False,False,False,False,True,False
cryptocarbon,1484913600000,False,False,False,False,True,False
cryptoescudo,1396526400000,False,False,False,False,True,False
cryptoforecast,1497182400000,False,False,False,True,False,False
cryptogenic-bullion,1375704000000,False,False,False,False,True,False
cryptojacks,1468324800000,False,False,False,False,True,False
cryptonex,1507464000000,False,False,False,False,True,False
cryptonite,1407067200000,False,False,False,False,True,False
cryptoping,1499169600000,False,False,False,True,False,False
cryptoworldx-token,1487246400000,False,True,False,False,True,False
crystal-clear,1507636800000,False,False,False,True,False,False
cthulhu-offerings,1437912000000,False,False,False,False,True,False
cubits,1477396800000,False,False,True,False,True,False
curecoin,1401192000000,True,False,False,False,True,False
cvcoin,1500206400000,True,False,False,True,False,False
cybcsec,1507377600000,False,False,False,False,True,False
cybercoin,1428148800000,True,False,False,False,True,False
cycling-coin,1436875200000,True,False,False,False,True,False
cyder,1505304000000,False,False,False,False,True,False
cypher,1428840000000,False,False,False,False,True,False
dalecoin,1503662400000,True,False,False,True,False,False
dao-casino,1498996800000,False,False,False,True,False,False
dappster,1468497600000,False,False,False,False,True,False
darcrus,1484222400000,False,False,False,True,False,False
darklisk,1462363200000,False,False,False,False,True,False
darsek,1491480000000,False,False,False,False,True,False
das,1500638400000,False,False,False,False,True,False
dash,1392465600000,False,False,False,False,True,False
dashcoin,1412683200000,True,False,False,False,True,False
dashs,1493208000000,False,False,False,False,True,False
databits,1490961600000,False,False,True,True,False,False
daxxcoin,1499774400000,True,False,False,False,True,False
dcorp,1510315200000,False,False,False,False,True,False
debitcoin,1466164800000,True,False,True,False,True,False
decent,1499083200000,False,False,False,False,True,False
decent-bet,1510660800000,False,False,False,False,True,False
decentraland,1505649600000,False,False,False,True,False,False
decision-token,1510574400000,False,True,False,False,True,False
decred,1455192000000,False,False,False,False,True,False
deeponion,1502625600000,False,False,False,False,True,False
delphy,1510228800000,False,False,False,False,True,False
deltacredits,1440936000000,False,False,False,False,True,False
denarius-dnr,1498996800000,False,False,False,False,True,False
dent,1502625600000,False,False,False,True,False,False
dentacoin,1502452800000,True,False,False,True,False,False
destiny,1456574400000,False,False,False,False,True,False
deuscoin,1492776000000,True,False,False,False,True,False
deutsche-emark,1387108800000,False,False,False,False,True,False
devcoin,1367236800000,True,False,False,False,True,False
dfscoin,1506168000000,True,False,False,False,True,False
diamond,1387540800000,False,False,False,False,True,False
dibcoin,1491480000000,True,False,False,True,False,False
digibyte,1391774400000,False,False,False,False,True,False
digicube,1445774400000,False,False,False,False,True,False
digipulse,1511265600000,False,False,False,False,True,False
digital-bullion-gold,1466164800000,False,False,False,False,True,False
digital-credits,1447761600000,False,False,False,False,True,False
digital-developers-fund,1502625600000,False,False,False,True,False,False
digital-money-bits,1495713600000,False,False,True,False,True,False
digital-rupees,1485950400000,False,False,False,False,True,False
digitalcoin,1370865600000,True,False,False,False,True,False
digitalfund,1472990400000,False,False,False,False,True,False
digitalnote,1403697600000,False,False,False,False,True,False
digitalprice,1412510400000,False,False,False,False,True,False
digixdao,1461067200000,False,False,False,True,False,False
dimecoin,1389009600000,True,False,False,False,True,False
dimoncoin,1511697600000,True,False,False,False,True,False
dinastycoin,1498392000000,True,False,False,False,True,False
district0x,1501848000000,False,False,False,True,False,False
divi,1511870400000,False,False,False,False,True,False
dix-asset,1484222400000,False,False,False,True,False,False
dnotes,1394366400000,False,False,False,False,True,False
dogecoin,1387195200000,True,False,False,False,True,False
dollar-online,1482321600000,False,False,False,False,True,False
dollarcoin,1474545600000,True,False,False,False,True,False
domraider,1508500800000,False,False,False,True,False,False
donationcoin,1402920000000,True,False,False,False,True,False
dopecoin,1393156800000,True,False,False,False,True,False
dotcoin,1424088000000,True,False,False,False,True,False
doubloon,1486728000000,False,False,False,False,True,False
dovu,1509192000000,False,False,False,True,False,False
dpay,1476619200000,False,False,False,False,True,False
draftcoin,1448366400000,True,False,False,False,True,False
dreamcoin,1399982400000,True,False,False,False,True,False
droxne,1505390400000,False,False,False,False,True,False
dt-token,1467288000000,False,True,False,True,False,False
dubaicoin-dbix,1491480000000,True,False,False,False,True,False
dubstep,1435752000000,False,False,False,False,True,False
dutch-coin,1508500800000,True,False,False,False,True,False
dynamic,1490616000000,False,False,False,False,True,False
dynamiccoin,1477396800000,True,False,False,False,True,False
e-coin,1491998400000,True,False,False,False,True,False
e-dinar-coin,1472299200000,True,False,False,False,True,False
e-gulden,1395921600000,False,False,False,False,True,False
ea-coin,1510920000000,True,False,False,False,True,False
eaglecoin,1510920000000,True,False,False,False,True,False
earthcoin,1388318400000,True,False,False,False,True,False
ebitcoin-cash,1511006400000,True,False,True,False,True,False
ebittree-coin,1492516800000,True,False,True,False,True,False
eboostcoin,1496750400000,True,False,False,False,True,False
ebtc,1507032000000,False,False,False,True,False,False
eccoin,1395316800000,True,False,False,False,True,False
ecobit,1499256000000,False,False,True,True,False,False
ecocoin,1495713600000,True,False,False,False,True,False
edgeless,1490961600000,False,False,False,True,False,False
edrcoin,1460203200000,True,False,False,False,True,False
eggcoin,1430395200000,True,False,False,False,True,False
ego,1475323200000,False,False,False,False,True,False
eidoo,1508328000000,False,False,False,True,False,False
einsteinium,1397044800000,False,False,False,False,True,False
elacoin,1370865600000,True,False,False,False,True,False
elastic,1498392000000,False,False,False,False,True,False
elcoin-el,1462536000000,True,False,False,False,True,False
electra,1497096000000,False,False,False,False,True,False
elementrem,1470744000000,False,False,False,False,True,False
elixir,1506168000000,False,False,False,True,False,False
eltc,1507723200000,False,False,False,True,False,False
elysium,1486900800000,False,False,False,False,True,False
embercoin,1501243200000,True,False,False,False,True,False
embers,1500206400000,False,False,False,True,False,False
emerald,1375704000000,False,False,False,False,True,False
emercoin,1408881600000,True,False,False,False,True,False
emoneypower,1498392000000,False,False,False,False,True,False
emphy,1510488000000,False,False,False,False,True,False
encrypgen,1511265600000,False,False,False,False,True,False
encryptotel,1497182400000,False,False,False,True,False,False
encryptotel-eth,1507377600000,False,False,False,True,False,False
energo,1511352000000,False,False,False,False,True,False
energycoin,1400241600000,True,False,False,False,True,False
enigma,1460635200000,False,False,False,False,True,False
enigma-project,1507896000000,False,False,False,True,False,False
environ,1494244800000,False,False,False,False,True,False
eos,1498996800000,False,False,False,True,False,False
eot-token,1503921600000,False,True,False,True,False,False
equitrader,1495713600000,False,False,False,False,True,False
erc20,1510315200000,False,False,False,False,True,False
ereal,1509192000000,False,False,False,True,False,False
ergo,1498737600000,False,False,False,True,False,False
eryllium,1486728000000,False,False,False,False,True,False
espers,1461931200000,False,False,False,False,True,False
eternity,1481112000000,False,False,False,False,True,False
ethbet,1507464000000,False,False,False,True,False,False
ethbits,1496404800000,False,False,True,True,False,False
ether-for-the-rest-of-the-world,1499256000000,False,False,False,True,False,False
etherdoge,1508241600000,False,False,False,True,False,False
ethereum,1439035200000,False,False,False,False,True,True
ethereum-blue,1508673600000,False,False,False,True,False,False
ethereum-classic,1469448000000,False,False,False,False,True,False
ethereum-dark,1505822400000,False,False,False,False,True,False
ethereum-gold,1508587200000,False,False,False,True,False,False
ethereum-lite,1509105600000,False,False,False,True,False,False
ethereum-movie-venture,1492516800000,False,False,False,True,False,False
ethereumcash,1507982400000,False,False,False,True,False,False
etheriya,1502712000000,False,False,False,True,False,False
etheroll,1495108800000,False,False,False,True,False,False
etherx,1502020800000,False,False,False,True,False,False
ethos,1500465600000,False,False,False,False,True,False
eurocoin,1440417600000,True,False,False,False,True,False
europecoin,1434715200000,True,False,False,False,True,False
eusd,1508673600000,False,False,False,True,False,False
everex,1507723200000,False,False,False,True,False,False
evergreencoin,1452513600000,True,False,False,False,True,False
everus,1508414400000,False,False,False,True,False,False
evil-coin,1454241600000,True,False,False,False,True,False
evotion,1449748800000,False,False,False,False,True,False
excelcoin,1502798400000,True,False,False,False,True,False
exchange-union,1509019200000,False,False,False,True,False,False
exchangen,1508241600000,False,False,False,True,False,False
exclusivecoin,1412078400000,True,False,False,False,True,False
expanse,1442404800000,False,False,False,False,True,False
exrnchain,1509019200000,False,False,False,True,False,False
faceblock,1510920000000,False,False,False,False,True,False
facecoin,1505131200000,True,False,False,True,False,False
factom,1444132800000,False,False,False,False,True,False
faircoin,1395576000000,True,False,False,False,True,False
falcoin,1499774400000,True,False,False,False,True,False
fantomcoin,1402315200000,True,False,False,False,True,False
farad,1510142400000,False,False,False,False,True,False
fargocoin,1483617600000,True,False,False,False,True,False
fastcoin,1372939200000,True,False,False,False,True,False
fazzcoin,1492603200000,True,False,False,False,True,False
feathercoin,1367582400000,True,False,False,False,True,False
fedoracoin,1388577600000,True,False,False,False,True,False
fedorashare,1474027200000,False,False,False,False,True,False
fibocoins,1501934400000,True,False,False,False,True,False
fimkrypto,1405166400000,False,False,False,False,True,False
fincoin,1499860800000,True,False,False,False,True,False
firecoin,1405944000000,True,False,False,False,True,False
fireflycoin,1414411200000,True,False,False,False,True,False
first-bitcoin,1469534400000,True,False,True,False,True,False
first-bitcoin-capital,1502280000000,True,False,True,True,False,False
firstblood,1475150400000,False,False,False,True,False,False
firstcoin,1486382400000,True,False,False,False,True,False
flappycoin,1393156800000,True,False,False,False,True,False
flash,1498478400000,False,False,False,False,True,False
flavorcoin,1453723200000,True,False,False,False,True,False
flaxscript,1437912000000,False,False,False,False,True,False
flik,1507464000000,False,False,False,True,False,False
flixxo,1511697600000,False,False,False,False,True,False
florincoin,1385553600000,True,False,False,False,True,False
fluttercoin,1395316800000,True,False,False,False,True,False
flycoin,1442318400000,True,False,False,False,True,False
foldingcoin,1410868800000,True,False,False,True,False,False
fonziecoin,1442404800000,True,False,False,False,True,False
footy-cash,1506427200000,False,False,False,False,True,False
francs,1454241600000,False,False,False,False,True,False
franko,1370865600000,False,False,False,False,True,False
frankywillcoin,1470225600000,True,False,False,False,True,False
frazcoin,1503489600000,True,False,False,False,True,False
freicoin,1367582400000,True,False,False,False,True,False
fucktoken,1500206400000,False,True,False,True,False,False
fuelcoin,1402574400000,True,False,False,False,True,False
fujicoin,1434369600000,True,False,False,False,True,False
fujinto,1504440000000,False,False,False,True,False,False
funcoin,1494590400000,True,False,False,True,False,False
fundyourselfnow,1501934400000,False,False,False,True,False,False
funfair,1498564800000,False,False,False,True,False,False
futcoin,1437566400000,True,False,False,False,True,False
future-digital-currency,1483617600000,False,False,False,False,True,False
futurexe,1499774400000,False,False,False,True,False,False
fuzzballs,1462104000000,False,False,False,False,True,False
gaia,1413115200000,False,False,False,False,True,False
gambit,1432296000000,False,False,True,False,True,False
gamebet-coin,1460635200000,True,False,False,False,True,False
gamecredits,1409659200000,False,False,False,False,True,False
gameleaguecoin,1404475200000,True,False,False,False,True,False
gameunits,1484222400000,False,False,False,False,True,False
ganjacoin,1505822400000,True,False,False,False,True,False
gapcoin,1414929600000,True,False,False,False,True,False
gas,1499428800000,False,False,False,True,False,False
gaycoin,1474632000000,True,False,False,False,True,False
gbcgoldcoin,1449403200000,True,False,False,False,True,False
gcoin,1416225600000,True,False,False,False,True,False
geertcoin,1489579200000,True,False,False,False,True,False
genesis-vision,1510833600000,False,False,False,False,True,False
genstake,1433937600000,False,False,False,False,True,False
geocoin,1424606400000,True,False,False,False,True,False
geysercoin,1501243200000,True,False,False,False,True,False
giga-watt-token,1504440000000,False,True,False,True,False,False
glasscoin,1511784000000,True,False,False,False,True,False
global-business-revolution,1478779200000,False,False,False,False,True,False
global-currency-reserve,1440676800000,False,False,False,False,True,False
global-tour-coin,1499774400000,True,False,False,False,True,False
globalboost-y,1412424000000,False,False,False,False,True,False
globalcoin,1375704000000,True,False,False,False,True,False
globaltoken,1497960000000,False,True,False,False,True,False
gnosis-gno,1493726400000,False,False,False,True,False,False
gobyte,1511265600000,False,False,False,False,True,False
gokucoin,1506600000000,True,False,False,False,True,False
gold-pressed-latinum,1494331200000,False,False,False,False,True,False
gold-reward-token,1511006400000,False,True,False,False,True,False
goldblocks,1465992000000,False,False,False,False,True,False
goldcoin,1371211200000,True,False,False,False,True,False
goldmaxcoin,1460030400000,True,False,False,False,True,False
goldpieces,1421496000000,False,False,False,False,True,False
goldreserve,1404043200000,False,False,False,False,True,False
goldunioncoin,1493380800000,True,False,False,True,False,False
golem-network-tokens,1479470400000,False,True,False,True,False,False
golfcoin,1473422400000,True,False,False,False,True,False
golos,1481630400000,False,False,False,False,True,False
golos-gold,1487073600000,False,False,False,False,True,False
goodomy,1498392000000,False,False,False,True,False,False
gpu-coin,1464782400000,True,False,False,False,True,False
granitecoin,1402574400000,True,False,False,False,True,False
grantcoin,1438084800000,True,False,False,False,True,False
greencoin,1403524800000,True,False,False,False,True,False
gridcoin,1425211200000,True,False,False,False,True,False
grimcoin,1510315200000,True,False,False,False,True,False
groestlcoin,1397304000000,True,False,False,False,True,False
growers-international,1503230400000,False,False,False,False,True,False
guccionecoin,1440158400000,True,False,False,False,True,False
gulden,1396958400000,False,False,False,False,True,False
gulfcoin,1498737600000,True,False,False,False,True,False
guncoin,1399896000000,True,False,False,False,True,False
guppy,1491998400000,False,False,False,True,False,False
gxshares,1498392000000,False,False,False,False,True,False
hacker-gold,1481457600000,False,False,False,False,True,False
halcyon,1408449600000,False,False,False,False,True,False
halloween-coin,1495108800000,True,False,False,False,True,False
happy-creator-coin,1468065600000,True,False,False,False,True,False
happycoin,1492516800000,True,False,False,False,True,False
harmonycoin-hmc,1500984000000,True,False,False,False,True,False
hawla-today,1510747200000,False,False,False,False,True,False
healthywormcoin,1490961600000,True,False,False,False,True,False
heat-ledger,1468411200000,False,False,False,False,True,False
hedge,1508760000000,False,False,False,True,False,False
helleniccoin,1437566400000,True,False,False,False,True,False
hellogold,1507896000000,False,False,False,True,False,False
hempcoin,1404043200000,True,False,False,False,True,False
hempcoin-hmp,1455710400000,True,False,False,False,True,False
hexx,1435406400000,False,False,False,False,True,False
hicoin,1462363200000,True,False,False,False,True,False
high-voltage,1465473600000,False,False,False,False,True,False
hitcoin,1460203200000,True,False,False,False,True,False
hive,1505044800000,False,False,False,True,False,False
hobonickels,1387627200000,False,False,False,False,True,False
hodl-bucks,1506772800000,False,False,False,True,False,False
hodlcoin,1458388800000,True,False,False,False,True,False
honey,1490097600000,False,False,False,False,True,False
hshare,1503316800000,False,False,False,False,True,False
htmlcoin,1411128000000,True,False,False,False,True,False
hubii-network,1507550400000,False,False,False,True,False,False
humaniq,1494590400000,False,False,False,True,False,False
huncoin,1498392000000,True,False,False,False,True,False
huntercoin,1392465600000,True,False,False,False,True,False
hush,1480680000000,False,False,False,False,True,False
hyper,1401624000000,False,False,False,False,True,False
hyper-tv,1511784000000,False,False,False,False,True,False
hyperstake,1407672000000,False,False,False,False,True,False
i0coin,1385553600000,True,False,False,False,True,False
ibank,1485259200000,False,False,False,False,True,False
ico-openledger,1464955200000,False,False,False,True,False,False
icobid,1485000000000,False,False,False,False,True,False
icoin,1392724800000,True,False,False,False,True,False
icon,1509105600000,False,False,False,True,False,False
iconic,1486641600000,False,False,False,False,True,False
iconomi,1475323200000,False,False,False,True,False,False
icos,1508846400000,False,False,False,True,False,False
idice,1498305600000,False,False,False,True,False,False
iethereum,1509105600000,False,False,False,True,False,False
impact,1491134400000,False,False,False,False,True,False
impulsecoin,1477828800000,True,False,False,False,True,False
incakoin,1422446400000,False,False,False,False,True,False
incent,1481112000000,False,False,False,True,False,False
independent-money-system,1458388800000,False,False,False,False,True,False
india-coin,1506772800000,True,False,False,False,True,False
indorse-token,1505822400000,False,True,False,True,False,False
infchain,1502625600000,False,False,False,False,True,False
infinitecoin,1373544000000,True,False,False,False,True,False
infinity-economics,1507032000000,False,False,False,False,True,False
infinity-pay,1511265600000,False,False,False,False,True,False
inflationcoin,1484222400000,True,False,False,False,True,False
influxcoin,1442404800000,True,False,False,False,True,False
ink,1511265600000,False,False,False,False,True,False
innova,1510228800000,False,False,False,False,True,False
inpay,1492516800000,False,False,False,True,False,False
insanecoin-insn,1495108800000,True,False,False,False,True,False
intelligent-trading-tech,1509105600000,False,False,False,True,False,False
intensecoin,1510920000000,True,False,False,False,True,False
international-diamond,1469188800000,False,False,False,False,True,False
internet-of-people,1480420800000,False,False,False,False,True,False
internet-of-things,1492516800000,False,False,False,True,False,False
internxt,1507377600000,False,False,False,True,False,False
interstellar-holdings,1510488000000,False,False,False,False,True,False
interzone,1506686400000,False,False,False,False,True,False
investfeed,1502712000000,False,False,False,True,False,False
invisiblecoin,1444737600000,True,False,False,False,True,False
iocoin,1407067200000,True,False,False,False,True,False
ion,1465473600000,False,False,False,False,True,False
iota,1497441600000,False,False,False,False,True,False
iquant,1505822400000,False,False,False,True,False,False
irishcoin,1436356800000,True,False,False,False,True,False
islacoin,1443528000000,True,False,False,False,True,False
iticoin,1494676800000,True,False,False,False,True,False
ixcoin,1368014400000,True,False,False,False,True,False
ixledger,1501243200000,False,False,False,True,False,False
janus,1485432000000,False,False,False,True,False,False
javascript-token,1509105600000,False,True,False,True,False,False
jetcoin,1499515200000,True,False,False,True,False,False
jewels,1473422400000,False,False,False,False,True,False
jin-coin,1474200000000,True,False,False,False,True,False
jinn,1412424000000,False,False,False,True,False,False
jio-token,1483099200000,False,True,False,True,False,False
jobscoin,1476100800000,True,False,False,False,True,False
joincoin,1409054400000,True,False,False,False,True,False
joulecoin,1386331200000,True,False,False,False,True,False
karbowanec,1471003200000,False,False,False,False,True,False
karmacoin,1391947200000,True,False,False,False,True,False
kashhcoin,1487764800000,True,False,False,False,True,False
kayicoin,1498996800000,True,False,False,False,True,False
kekcoin,1501502400000,True,False,False,False,True,False
kexcoin,1506081600000,True,False,False,True,False,False
kibicoin,1496404800000,True,False,False,False,True,False
kickico,1507204800000,False,False,False,True,False,False
kilocoin,1456574400000,True,False,False,False,True,False
kin,1506600000000,False,False,False,True,False,False
kingn-coin,1498392000000,True,False,False,False,True,False
kittehcoin,1390651200000,True,False,False,False,True,False
kobocoin,1424088000000,True,False,False,False,True,False
kolion,1506772800000,False,False,False,True,False,False
komodo,1486382400000,False,False,False,False,True,False
korecoin,1403438400000,True,False,False,False,True,False
kronecoin,1504699200000,True,False,False,False,True,False
krypstal,1503230400000,False,False,False,False,True,False
kucoin-shares,1508932800000,True,False,False,False,True,False
kurrent,1480680000000,False,False,False,False,True,False
kushcoin,1486641600000,True,False,False,False,True,False
kyber-network,1506340800000,False,False,False,True,False,False
lampix,1506427200000,False,False,False,True,False,False
lanacoin,1463659200000,True,False,False,False,True,False
landcoin,1484913600000,True,False,False,False,True,False
lathaan,1476273600000,False,False,False,False,True,False
latoken,1509019200000,False,True,False,True,False,False
lazaruscoin,1474804800000,True,False,False,False,True,False
leacoin,1429531200000,True,False,False,False,True,False
legends-room,1497700800000,False,False,False,True,False,False
leocoin,1438776000000,True,False,False,False,True,False
lepen,1486641600000,False,False,False,False,True,False
letitride,1468497600000,False,False,False,False,True,False
leviarcoin,1498392000000,True,False,False,False,True,False
levoplus,1489060800000,False,False,False,False,True,False
lex4all,1489665600000,False,False,False,True,False,False
library-credit,1467892800000,False,False,False,False,True,False
life,1508760000000,False,False,False,True,False,False
linda,1500206400000,False,False,False,False,True,False
link-platform,1500465600000,False,False,False,True,False,False
linkedcoin,1468929600000,True,False,False,False,True,False
linx,1497700800000,False,False,False,False,True,False
lisk,1460030400000,False,False,False,False,True,False
litebar,1394625600000,False,False,False,False,True,False
litebitcoin,1500638400000,True,False,True,False,True,False
litecoin,1367236800000,True,False,False,False,True,False
litecoin-gold,1508846400000,True,False,False,True,False,False
litecoin-plus,1400673600000,True,False,False,False,True,False
litecoin-ultra,1504094400000,True,False,False,False,True,False
litecred,1453464000000,False,False,False,False,True,False
litedoge,1426766400000,False,False,False,False,True,False
lltoken,1504180800000,False,True,False,True,False,False
lomocoin,1473422400000,True,False,False,False,True,False
loopring,1504094400000,False,False,False,True,False,False
lottocoin,1388232000000,True,False,False,False,True,False
ltbcoin,1408622400000,True,False,False,True,False,False
luckchain,1480420800000,False,False,False,False,True,False
luna-coin,1484740800000,True,False,False,False,True,False
lunyr,1493726400000,False,False,False,True,False,False
luxcoin,1509192000000,True,False,False,False,True,False
lykke,1479211200000,False,False,False,False,True,False
machinecoin,1423396800000,True,False,False,False,True,False
macro1,1507118400000,False,False,False,True,False,False
macron,1493208000000,False,False,False,False,True,False
maecenas,1508414400000,False,False,False,True,False,False
magi,1411560000000,False,False,False,False,True,False
magnet,1511524800000,False,False,False,False,True,False
magnetcoin,1505131200000,True,False,False,False,True,False
magnum,1486555200000,False,False,False,False,True,False
maidsafecoin,1398686400000,True,False,False,True,False,False
maker,1485777600000,False,False,False,False,True,False
mantracoin,1499860800000,True,False,False,False,True,False
mao-zedong,1502280000000,False,False,False,False,True,False
marijuanacoin,1487764800000,True,False,False,False,True,False
marscoin,1393329600000,True,False,False,False,True,False
martexcoin,1464782400000,True,False,False,False,True,False
marxcoin,1488888000000,True,False,False,False,True,False
master-swiscoin,1487764800000,True,False,False,False,True,False
masternodecoin,1504699200000,True,False,False,False,True,False
mavro,1490961600000,False,False,False,False,True,False
maxcoin,1392292800000,True,False,False,False,True,False
mazacoin,1393502400000,True,False,False,False,True,False
mcap,1496232000000,False,False,False,True,False,False
megacoin,1373284800000,True,False,False,False,True,False
melon,1487764800000,False,False,False,True,False,False
memetic,1457956800000,False,False,False,False,True,False
mercury,1490961600000,False,False,False,True,False,False
mercury-protocol,1509105600000,False,False,False,True,False,False
mergecoin,1493380800000,True,False,False,False,True,False
metal,1499688000000,False,False,False,True,False,False
metal-music-coin,1435838400000,True,False,False,False,True,False
metalcoin,1422446400000,True,False,False,False,True,False
metaverse,1496750400000,False,False,False,False,True,False
microcoin,1393848000000,True,False,False,False,True,False
mikethemug,1486900800000,False,False,False,True,False,False
milocoin,1489838400000,True,False,False,False,True,False
mincoin,1367582400000,True,False,False,False,True,False
mind-gene,1475323200000,False,False,False,False,True,False
mindcoin,1451995200000,True,False,False,False,True,False
minereum,1494763200000,False,False,False,True,False,False
miners-reward-token,1498392000000,False,True,False,True,False,False
mineum,1465473600000,False,False,False,False,True,False
minex,1502107200000,False,False,False,True,False,False
mintcoin,1392897600000,True,False,False,False,True,False
miyucoin,1500206400000,True,False,False,False,True,False
mmxvi,1455796800000,False,False,False,False,True,False
mobilecash,1475841600000,False,False,False,False,True,False
mobilego,1497268800000,False,False,False,True,False,False
modum,1508846400000,False,False,False,True,False,False
moeda-loyalty-points,1505217600000,False,False,False,True,False,False
moin,1451995200000,False,False,False,False,True,False
mojocoin,1460030400000,True,False,False,False,True,False
monaco,1499169600000,False,False,False,True,False,False
monacocoin,1503921600000,True,False,False,False,True,False
monacoin,1395316800000,True,False,False,False,True,False
monero,1400673600000,False,False,False,False,True,False
moneta2,1445774400000,False,False,False,False,True,False
monetaryunit,1414929600000,False,False,False,False,True,False
monetha,1504699200000,False,False,False,True,False,False
money,1447416000000,False,False,False,False,True,False
moneycoin,1482235200000,True,False,False,False,True,False
monkey-project,1511697600000,False,False,False,False,True,False
monster-byte,1502712000000,False,False,False,True,False,False
mooncoin,1389009600000,True,False,False,False,True,False
morningstar-payments,1505822400000,False,False,False,False,True,False
mothership,1501243200000,False,False,False,True,False,False
motocoin,1401883200000,True,False,False,False,True,False
msd,1506945600000,False,False,False,False,True,False
mtmgaming,1489665600000,False,False,False,True,False,False
musicoin,1489838400000,True,False,False,False,True,False
musiconomi,1509192000000,False,False,False,True,False,False
mustangcoin,1474545600000,True,False,False,False,True,False
mutual-coin,1511524800000,True,False,False,False,True,False
mybit-token,1503230400000,False,True,True,True,False,False
myriad,1394366400000,False,False,False,False,True,False
mysterium,1497528000000,False,False,False,True,False,False
namecoin,1367236800000,True,False,False,False,True,False
namocoin,1503921600000,True,False,False,False,True,False
nautiluscoin,1400241600000,True,False,False,True,False,False
nav-coin,1402574400000,True,False,False,False,True,False
neblio,1505304000000,False,False,False,False,True,False
nem,1427889600000,False,False,False,False,True,True
neo,1473422400000,False,False,False,False,True,True
neo-gold,1510574400000,False,False,False,False,True,False
neoscoin,1409054400000,True,False,False,False,True,False
neptune-classic,1487764800000,False,False,False,False,True,False
netbit,1479211200000,False,False,True,False,True,False
netcoin,1387281600000,True,False,False,False,True,False
netko,1490097600000,False,False,False,False,True,False
network-token,1509192000000,False,True,False,True,False,False
neuro,1497355200000,False,False,False,False,True,False
neurodao,1505304000000,False,False,False,True,False,False
neutron,1429704000000,False,False,False,False,True,False
nevacoin,1458734400000,True,False,False,False,True,False
neverdie,1502280000000,False,False,False,True,False,False
newbium,1464955200000,False,False,False,True,False,False
newyorkcoin,1399464000000,True,False,False,False,True,False
nexium,1481630400000,False,False,False,True,False,False
nexus,1422273600000,False,False,False,False,True,False
nexxus,1502280000000,False,False,False,True,False,False
nimiq,1500206400000,False,False,False,True,False,False
noblecoin,1391947200000,True,False,False,False,True,False
nodecoin,1481630400000,True,False,False,False,True,False
nolimitcoin,1473768000000,True,False,False,False,True,False
novacoin,1367236800000,True,False,False,False,True,False
nubits,1411560000000,False,False,True,False,True,True
nuls,1509019200000,False,False,False,True,False,False
numeraire,1498219200000,False,False,False,True,False,False
nushares,1414324800000,False,False,False,True,False,False
nvo,1499774400000,False,False,False,True,False,False
nxt,1386158400000,False,False,False,False,True,True
nyancoin,1392033600000,True,False,False,False,True,False
o2olondoncoin,1442404800000,True,False,False,False,True,False
oax,1501588800000,False,False,False,True,False,False
obits,1448884800000,False,False,True,True,False,False
obsidian,1506859200000,False,False,False,False,True,False
oceanlab,1505304000000,False,False,False,True,False,False
ocow,1462363200000,False,False,False,False,True,False
octanox,1498219200000,False,False,False,False,True,False
octocoin,1395316800000,True,False,False,False,True,False
ohm-wallet,1496750400000,False,False,False,False,True,False
okcash,1418558400000,False,False,False,False,True,False
omicron,1474804800000,False,False,False,False,True,False
omisego,1500033600000,False,False,False,True,False,False
omni,1387972800000,False,False,False,False,True,True
onix,1498392000000,False,False,False,False,True,False
opal,1410696000000,False,False,False,False,True,False
open-trading-network,1509019200000,False,False,False,True,False,False
operand,1460376000000,False,False,False,False,True,False
opescoin,1452945600000,True,False,False,False,True,False
opus,1504094400000,False,False,False,True,False,False
oraclechain,1500984000000,False,False,False,True,False,False
orbitcoin,1387713600000,True,False,True,False,True,False
orlycoin,1461326400000,True,False,False,False,True,False
ormeus-coin,1506772800000,True,False,False,True,False,False
osmiumcoin,1445342400000,True,False,False,False,True,False
ox-fina,1503662400000,False,False,False,True,False,False
oxycoin,1510401600000,True,False,False,False,True,False
oyster-pearl,1511265600000,False,False,False,False,True,False
p7coin,1429272000000,True,False,False,False,True,False
pabyosi-coin-special,1482321600000,True,False,False,False,True,False
paccoin,1446552000000,True,False,False,False,True,False
pakcoin,1442404800000,True,False,False,False,True,False
pandacoin-pnd,1393502400000,True,False,False,False,True,False
paragon,1509019200000,False,False,False,True,False,False
parallelcoin,1445774400000,True,False,False,False,True,False
parkbyte,1432036800000,False,False,False,False,True,False
particl,1500638400000,False,False,False,False,True,False
pascal-coin,1481112000000,True,False,False,False,True,False
pascal-lite,1489838400000,False,False,False,False,True,False
patientory,1496750400000,False,False,False,True,False,False
paycoin2,1418731200000,True,False,False,False,True,False
paycon,1424088000000,False,False,False,False,True,False
paypeer,1459512000000,False,False,False,False,True,False
paypex,1510920000000,False,False,False,False,True,False
paypie,1507723200000,False,False,False,True,False,False
peacecoin,1473768000000,True,False,False,False,True,False
peepcoin,1499774400000,True,False,False,False,True,False
peercoin,1367236800000,True,False,False,False,True,False
peerplays-ppy,1497441600000,False,False,False,False,True,False
peoplecoin,1501243200000,True,False,False,False,True,False
pepe-cash,1475236800000,False,False,False,True,False,False
pesetacoin,1393156800000,True,False,False,False,True,False
pesobit,1475236800000,False,False,True,False,True,False
petrodollar,1397563200000,False,False,False,False,True,False
phantomx,1511265600000,False,False,False,False,True,False
philosopher-stones,1387368000000,False,False,False,False,True,False
phoenixcoin,1372939200000,True,False,False,False,True,False
phore,1510142400000,False,False,False,False,True,False
photon,1400846400000,False,False,False,False,True,False
picoin,1494331200000,True,False,False,False,True,False
piecoin,1488628800000,True,False,False,False,True,False
piggycoin,1402920000000,True,False,False,False,True,False
pillar,1500984000000,False,False,False,True,False,False
pinkcoin,1399896000000,True,False,False,False,True,False
pinkdog,1487764800000,False,False,False,False,True,False
piplcoin,1508241600000,True,False,False,True,False,False
pirate-blocks,1498478400000,False,False,False,False,True,False
pirl,1509192000000,False,False,False,False,True,False
pivx,1455451200000,False,False,False,False,True,False
pizzacoin,1471953600000,True,False,False,False,True,False
platinumbar,1463572800000,False,False,False,False,True,False
plexcoin,1511697600000,True,False,False,False,True,False
plncoin,1397563200000,True,False,False,False,True,False
pluscoin,1510920000000,True,False,False,False,True,False
pluton,1474200000000,False,False,False,True,False,False
poet,1504267200000,False,False,False,True,False,False
pokecoin,1470484800000,True,False,False,False,True,False
poly-ai,1511611200000,False,False,False,False,True,False
polybius,1499428800000,False,False,False,True,False,False
ponzicoin,1463659200000,True,False,False,False,True,False
popularcoin,1398340800000,True,False,False,False,True,False
populous,1499860800000,False,False,False,True,False,False
posex,1459857600000,False,False,False,False,True,False
postcoin,1460203200000,True,False,False,False,True,False
postoken,1507809600000,False,True,False,True,False,False
posw-coin,1483531200000,True,False,False,False,True,False
potcoin,1392033600000,True,False,False,False,True,False
powercoin,1465128000000,True,False,False,False,True,False
prcoin,1488196800000,True,False,False,False,True,False
president-johnson,1471694400000,False,False,False,True,False,False
president-trump,1471348800000,False,False,False,True,False,False
primalbase,1501243200000,False,False,False,True,False,False
primas,1504008000000,False,False,False,True,False,False
prime-xi,1412510400000,False,False,False,False,True,False
primecoin,1373544000000,True,False,False,False,True,False
primulon,1500724800000,False,False,False,False,True,False
printerium,1485950400000,False,False,False,False,True,False
prismchain,1464782400000,False,False,False,False,True,False
privatix,1510920000000,False,False,False,False,True,False
prizm,1495281600000,False,False,False,False,True,False
procurrency,1493380800000,False,False,False,False,True,False
project-decorum,1464955200000,False,False,False,True,False,False
project-x,1496232000000,False,False,False,False,True,False
propy,1505822400000,False,False,False,True,False,False
prospectors-gold,1507377600000,False,False,False,True,False,False
protean,1503662400000,False,False,False,True,False,False
prototanium,1444737600000,False,False,False,False,True,False
psilocybin,1458734400000,False,False,False,False,True,False
publica,1511438400000,False,False,False,False,True,False
pulse,1457956800000,False,False,False,False,True,False
pura,1427544000000,False,False,False,False,True,False
purevidz,1484913600000,False,False,False,False,True,False
putin-classic,1497355200000,False,False,False,False,True,False
putincoin,1467892800000,True,False,False,False,True,False
px,1471953600000,False,False,False,False,True,False
qash,1511352000000,False,False,False,False,True,False
qibuck-asset,1495368000000,False,False,False,True,False,False
qora,1401192000000,False,False,False,False,True,False
qtum,1495713600000,False,False,False,False,True,False
quantstamp,1511265600000,False,False,False,False,True,False
quantum,1497009600000,False,False,False,True,False,False
quantum-resistant-ledger,1497096000000,False,False,False,True,False,False
quark,1377518400000,False,False,False,False,True,False
quatloo,1405166400000,False,False,False,False,True,False
quazarcoin,1401192000000,True,False,False,False,True,False
qubitcoin,1392465600000,True,False,True,False,True,False
quebecoin,1398340800000,True,False,False,False,True,False
quotient,1416830400000,False,False,False,False,True,False
qwark,1461067200000,False,False,False,True,False,False
rabbitcoin,1409486400000,True,False,True,False,True,False
radium,1453118400000,False,False,False,False,True,False
raiblocks,1488888000000,False,False,False,False,True,False
raiden-network-token,1510228800000,False,True,False,False,True,False
rasputin-online-coin,1510142400000,True,False,False,False,True,False
ratecoin,1435406400000,True,False,False,False,True,False
rawcoin2,1480680000000,True,False,False,False,True,False
rchain,1507377600000,False,False,False,True,False,False
rcoin,1476100800000,True,False,False,False,True,False
real,1507550400000,False,False,False,True,False,False
real-estate-tokens,1505304000000,False,True,False,True,False,False
red-pulse,1509278400000,False,False,False,True,False,False
redcoin,1390651200000,True,False,False,False,True,False
reddcoin,1392033600000,True,False,False,False,True,False
reecoin,1468324800000,True,False,False,False,True,False
regacoin,1479470400000,True,False,False,False,True,False
regalcoin,1506945600000,True,False,False,False,True,False
remicoin,1498996800000,True,False,False,True,False,False
renos,1488456000000,False,False,False,False,True,False
request-network,1508587200000,False,False,False,True,False,False
revenu,1458734400000,False,False,False,False,True,False
revolvercoin,1465473600000,True,False,False,False,True,False
rhfcoin,1492516800000,True,False,False,False,True,False
rialto,1500206400000,False,False,False,True,False,False
richcoin,1464782400000,True,False,False,False,True,False
ride-my-car,1487764800000,False,False,False,False,True,False
riecoin,1393502400000,True,False,False,False,True,False
rimbit,1414411200000,False,False,True,False,True,False
ripio-credit-network,1509105600000,False,False,False,True,False,False
ripple,1375704000000,False,False,False,False,True,False
ripto-bux,1491480000000,False,False,False,True,False,False
rise,1467288000000,False,False,False,False,True,False
rivetz,1506427200000,False,False,False,True,False,False
rlc,1492776000000,False,False,False,True,False,False
ronpaulcoin,1389009600000,True,False,False,False,True,False
roulettetoken,1495540800000,False,True,False,True,False,False
round,1479729600000,False,False,False,False,True,False
royal-kingdom-coin,1508241600000,True,False,False,True,False,False
royalcoin,1476619200000,True,False,False,False,True,False
royalties,1500984000000,False,False,False,False,True,False
rsgpcoin,1500552000000,True,False,False,False,True,False
rubies,1456228800000,False,False,False,False,True,False
rublebit,1448366400000,False,False,True,False,True,False
rubycoin,1395316800000,True,False,False,False,True,False
runners,1508760000000,False,False,False,False,True,False
rupaya,1502452800000,False,False,False,False,True,False
rupee,1499774400000,False,False,False,False,True,False
russiacoin,1452081600000,True,False,False,False,True,False
rustbits,1502280000000,False,False,True,True,False,False
sacoin,1476273600000,True,False,False,False,True,False
safe-exchange-coin,1455710400000,True,False,False,True,False,False
safe-trade-coin,1484481600000,True,False,False,False,True,False
safecoin,1463832000000,True,False,False,False,True,False
sakuracoin,1476446400000,True,False,False,False,True,False
salt,1506686400000,False,False,False,True,False,False
salus,1453550400000,False,False,False,False,True,False
sand-coin,1507550400000,True,False,False,True,False,False
santiment,1499947200000,False,False,False,True,False,False
sativacoin,1413806400000,True,False,False,False,True,False
satoshimadness,1441195200000,False,False,False,False,True,False
save-and-gain,1444737600000,False,False,False,False,True,False
scorecoin,1491134400000,True,False,False,False,True,False
secretcoin,1447761600000,True,False,False,False,True,False
securecoin,1380456000000,True,False,False,False,True,False
segwit2x,1508587200000,False,False,False,False,True,False
selfiecoin,1427112000000,True,False,False,False,True,False
senderon,1507809600000,False,False,False,True,False,False
sequence,1474804800000,False,False,False,False,True,False
sexcoin,1386590400000,True,False,False,False,True,False
shacoin,1403697600000,True,False,False,False,True,False
shadow-token,1502625600000,False,True,False,True,False,False
shadowcash,1406894400000,False,False,False,False,True,False
sharechain,1510747200000,False,False,False,False,True,False
sharkcoin,1425902400000,True,False,False,False,True,False
shellcoin,1431259200000,True,False,False,False,True,False
shield-xsh,1509796800000,False,False,False,False,True,False
shift,1441540800000,False,False,False,False,True,False
shilling,1474372800000,False,False,False,False,True,False
shorty,1481803200000,False,False,False,False,True,False
siacoin,1440676800000,True,False,False,False,True,False
sibcoin,1443268800000,True,False,False,False,True,False
sigmacoin,1503921600000,True,False,False,False,True,False
signatum,1500984000000,False,False,False,False,True,False
singulardtv,1475582400000,False,False,False,True,False,False
sisa,1510920000000,False,False,False,False,True,False
sixeleven,1462881600000,False,False,False,False,True,False
skeincoin,1394971200000,True,False,False,False,True,False
skincoin,1500724800000,True,False,False,True,False,False
skycoin,1492516800000,True,False,False,False,True,False
slevin,1499256000000,False,False,False,False,True,False
slimcoin,1424088000000,True,False,False,False,True,False
sling,1429704000000,False,False,False,False,True,False
smart-investment-fund-token,1506772800000,False,True,False,True,False,False
smartbillions,1511524800000,False,False,False,False,True,False
smartcash,1500638400000,False,False,False,False,True,False
smartcoin,1391774400000,True,False,False,False,True,False
smileycoin,1422446400000,True,False,False,False,True,False
smoke,1503230400000,False,False,False,True,False,False
snakeeyes,1494331200000,False,False,False,True,False,False
soarcoin,1490961600000,True,False,False,True,False,False
social,1505822400000,False,False,False,True,False,False
socialcoin-socc,1498996800000,True,False,False,False,True,False
soilcoin,1447416000000,True,False,False,False,True,False
sojourn,1502712000000,False,False,False,False,True,False
solarcoin,1396180800000,True,False,False,False,True,False
solarflarecoin,1486555200000,True,False,False,False,True,False
solaris,1491134400000,False,False,False,False,True,False
songcoin,1427112000000,True,False,False,False,True,False
sonm,1497700800000,False,False,False,True,False,False
sooncoin,1422446400000,True,False,False,False,True,False
soulcoin,1463659200000,True,False,False,False,True,False
sovereign-hero,1499774400000,False,False,False,True,False,False
spacecoin,1441886400000,True,False,False,False,True,False
spankchain,1511524800000,False,False,False,False,True,False
spectrecoin,1484481600000,True,False,False,False,True,False
speedcash,1493380800000,False,False,False,False,True,False
sphere,1430654400000,False,False,False,False,True,False
sphre-air,1499774400000,False,False,False,True,False,False
sportscoin,1473940800000,True,False,False,False,True,False
spots,1374840000000,False,False,False,False,True,False
spreadcoin,1414411200000,True,False,False,False,True,False
sprouts,1437566400000,False,False,False,False,True,False
sproutsextreme,1456833600000,False,False,False,False,True,False
stakecoin-stcn,1502280000000,True,False,False,False,True,False
starcash-network,1510142400000,False,False,False,False,True,False
starcredits,1504699200000,False,False,False,True,False,False
starta,1500465600000,False,False,False,True,False,False
startcoin,1402920000000,True,False,False,False,True,False
status,1498737600000,False,False,False,True,False,False
stealthcoin,1405080000000,True,False,False,False,True,False
steem,1461067200000,False,False,False,False,True,False
steem-dollars,1468929600000,False,False,False,False,True,False
stellar,1407240000000,False,False,False,False,True,False
steps,1442750400000,False,False,False,False,True,False
sterlingcoin,1411473600000,True,False,False,False,True,False
stex,1496750400000,False,False,False,True,False,False
storj,1498996800000,False,False,False,True,False,False
storjcoin-x,1408622400000,True,False,False,True,False,False
stox,1501934400000,False,False,False,True,False,False
stratis,1471003200000,False,False,False,False,True,False
stress,1456833600000,False,False,False,False,True,False
stronghands,1446292800000,False,False,False,False,True,False
student-coin,1510833600000,True,False,False,False,True,False
substratum,1506340800000,False,False,False,True,False,False
sugar-exchange,1511092800000,False,False,False,False,True,False
sumokoin,1496232000000,False,False,False,False,True,False
suncontract,1499428800000,False,False,False,True,False,False
supercoin,1401192000000,True,False,False,False,True,False
supernet-unity,1412164800000,False,False,False,True,False,False
superturbostake,1455451200000,False,False,False,False,True,False
suretly,1504094400000,False,False,False,True,False,False
swagbucks,1451995200000,False,False,False,False,True,False
swapcoin,1508500800000,True,False,False,True,False,False
swaptoken,1468929600000,False,True,False,False,True,False
swarm-city,1488628800000,False,False,False,True,False,False
swing,1443528000000,False,False,False,False,True,False
swisscoin,1508328000000,True,False,False,False,True,False
sydpak,1440417600000,False,False,False,False,True,False
sync,1400673600000,False,False,False,False,True,False
syndicate,1468324800000,False,False,False,False,True,False
synereo,1449316800000,False,False,False,True,False,False
synergy,1433764800000,False,False,False,False,True,False
syscoin,1408536000000,True,False,False,False,True,False
t-coin,1482321600000,True,False,False,False,True,False
taas,1490961600000,False,False,False,True,False,False
tagcoin,1383739200000,True,False,False,False,True,False
tagrcoin,1437134400000,True,False,False,False,True,False
tajcoin,1471694400000,True,False,False,False,True,False
tao,1474200000000,False,False,False,False,True,False
target-coin,1506686400000,True,False,False,True,False,False
tattoocoin,1486555200000,True,False,False,False,True,False
tattoocoin-limited,1493208000000,True,False,False,False,True,False
teamup,1476964800000,False,False,False,False,True,False
techshares,1472299200000,False,False,False,False,True,False
tekcoin,1400673600000,True,False,False,False,True,False
tellurion,1474372800000,False,False,False,False,True,False
tenx,1499515200000,False,False,False,True,False,False
teracoin,1488196800000,True,False,False,False,True,False
terracoin,1367236800000,True,False,False,False,True,False
terranova,1500206400000,False,False,False,False,True,False
teslacoilcoin,1464177600000,True,False,False,True,False,False
teslacoin,1391774400000,True,False,False,False,True,False
tether,1424952000000,False,False,False,True,False,False
tezos,1507032000000,False,False,False,False,True,False
the-champcoin,1502884800000,True,False,False,False,True,False
the-cypherfunks,1434715200000,False,False,False,False,True,False
the-vegan-initiative,1492516800000,False,False,False,False,True,False
thecreed,1461758400000,False,False,False,False,True,False
thegcccoin,1486641600000,True,False,False,False,True,False
theresa-may-coin,1496232000000,True,False,False,False,True,False
tickets,1383566400000,False,False,False,False,True,False
tierion,1503921600000,False,False,False,True,False,False
ties-network,1510315200000,False,False,False,False,True,False
tigercoin,1387713600000,True,False,False,False,True,False
tilecoin,1414324800000,True,False,False,True,False,False
time-new-bank,1511870400000,False,False,False,False,True,False
titcoin,1409054400000,True,False,False,False,True,False
tittiecoin,1415534400000,True,False,False,False,True,False
toacoin,1500984000000,True,False,False,False,True,False
todaycoin,1471953600000,True,False,False,False,True,False
tokencard,1494244800000,False,True,False,True,False,False
tokes,1490616000000,False,False,False,True,False,False
topaz,1494331200000,False,False,False,False,True,False
topcoin,1392724800000,True,False,False,False,True,False
torcoin-tor,1492516800000,True,False,False,False,True,False
trackr,1506427200000,False,False,False,True,False,False
tracto,1508414400000,False,False,False,True,False,False
tradecoin-v2,1499774400000,True,False,False,False,True,False
transfercoin,1440158400000,True,False,False,False,True,False
trezarcoin,1506772800000,True,False,False,False,True,False
triaconta,1511611200000,False,False,False,False,True,False
triangles,1405944000000,False,False,False,False,True,False
trickycoin,1427889600000,True,False,False,False,True,False
triggers,1476273600000,False,False,False,True,False,False
tristar-coin,1491134400000,True,False,False,False,True,False
trollcoin,1412078400000,True,False,False,False,True,False
tron,1505304000000,False,False,False,True,False,False
truckcoin,1405598400000,True,False,False,False,True,False
trueflip,1503489600000,False,False,False,True,False,False
trumpcoin,1456833600000,True,False,False,False,True,False
trust,1492776000000,False,False,False,True,False,False
trustplus,1405080000000,False,False,False,False,True,False
turbocoin,1498996800000,True,False,False,False,True,False
tychocoin,1498392000000,True,False,False,False,True,False
tyrocoin,1493380800000,True,False,False,False,True,False
ubiq,1410177600000,False,False,False,False,True,True
ufo-coin,1393502400000,True,False,False,False,True,False
ug-token,1504094400000,False,True,False,True,False,False
ugain,1470744000000,False,False,False,False,True,False
ulatech,1503921600000,False,False,False,False,True,False
ultimate-secure-cash,1491998400000,False,False,False,False,True,False
ultracoin,1392033600000,True,False,False,False,True,False
unbreakablecoin,1400846400000,True,False,False,False,True,False
uncoin,1427112000000,True,False,False,False,True,False
uniburst,1488456000000,False,False,False,False,True,False
unicoin,1434369600000,True,False,False,False,True,False
unify,1498305600000,False,False,False,False,True,False
unitus,1421150400000,False,False,False,False,True,False
unity-ingot,1494590400000,False,False,False,True,False,False
universal-currency,1431000000000,False,False,False,False,True,False
universalroyalcoin,1499256000000,True,False,False,False,True,False
universe,1491134400000,False,False,False,False,True,False
unobtanium,1387713600000,False,False,False,False,True,False
unrealcoin,1427889600000,True,False,False,False,True,False
upfiring,1510747200000,False,False,False,False,True,False
ur,1488628800000,False,False,False,False,True,False
uro,1402574400000,False,False,False,False,True,False
usde,1391774400000,False,False,False,False,True,False
useless-ethereum-token,1499256000000,False,True,False,True,False,False
utacoin,1490961600000,True,False,False,False,True,False
valorbit,1460203200000,False,False,True,False,True,False
vaperscoin,1471003200000,True,False,False,False,True,False
vault-coin,1482321600000,True,False,False,False,True,False
vcash,1425643200000,False,False,False,False,True,False
vechain,1503403200000,False,False,False,False,True,False
vector,1441454400000,False,False,False,False,True,False
vegascoin,1399464000000,True,False,False,False,True,False
veltor,1472990400000,False,False,False,False,True,False
verge,1414324800000,False,False,False,False,True,False
vericoin,1400328000000,True,False,False,False,True,False
veritaseum,1497009600000,False,False,False,True,False,False
veriumreserve,1474200000000,False,False,False,False,True,False
veros,1480420800000,False,False,False,True,False,False
version,1496404800000,False,False,False,False,True,False
vertcoin,1390219200000,True,False,False,False,True,False
viacoin,1405771200000,True,False,False,False,True,False
vibe,1506340800000,False,False,False,True,False,False
viberate,1507377600000,False,False,False,True,False,False
victoriouscoin,1475841600000,True,False,False,False,True,False
vip-tokens,1457784000000,False,True,False,False,True,False
virta-unique-coin,1499774400000,True,False,False,False,True,False
virtacoin,1407672000000,True,False,False,False,True,False
virtacoinplus,1489579200000,True,False,False,False,True,False
virtualcoin,1407672000000,True,False,False,False,True,False
visio,1488888000000,False,False,False,False,True,False
viuly,1511179200000,False,False,False,False,True,False
vivo,1505304000000,False,False,False,False,True,False
voisecom,1507032000000,False,False,False,True,False,False
votecoin,1511611200000,True,False,False,False,True,False
voxels,1459857600000,False,False,False,False,True,False
voyacoin,1425211200000,True,False,False,False,True,False
vpncoin,1416830400000,True,False,False,False,True,False
vslice,1482235200000,False,False,False,True,False,False
vsync,1492516800000,False,False,False,False,True,False
vsync-vsx,1505131200000,False,False,False,False,True,False
vtorrent,1419508800000,False,False,False,False,True,False
wa-space,1478779200000,False,False,False,False,True,False
wagerr,1499256000000,False,False,False,True,False,False
wallet-builders-coin,1505304000000,True,False,False,False,True,False
walton,1503921600000,False,False,False,True,False,False
warp,1454587200000,False,False,False,False,True,False
waves,1464955200000,False,False,False,False,True,True
waves-community-token,1486814400000,False,True,False,True,False,False
wavesgo,1493208000000,False,False,False,True,False,False
wayguide,1472644800000,False,False,False,False,True,False
wearesatoshi,1410091200000,False,False,False,False,True,False
wexcoin,1474804800000,True,False,False,False,True,False
whalecoin,1507377600000,True,False,False,False,True,False
whitecoin,1397908800000,True,False,False,False,True,False
wi-coin,1506168000000,True,False,False,True,False,False
wild-beast-block,1425211200000,False,False,False,False,True,False
wild-crypto,1507550400000,False,False,False,True,False,False
win-coin,1511265600000,True,False,False,False,True,False
wings,1484222400000,False,False,False,True,False,False
wink,1502280000000,False,False,False,False,True,False
wmcoin,1463832000000,True,False,False,False,True,False
women,1499774400000,False,False,False,False,True,False
woodcoin,1427112000000,True,False,False,False,True,False
worldcoin,1369224000000,True,False,False,False,True,False
wowcoin,1479211200000,True,False,False,False,True,False
wowecoin,1472299200000,True,False,False,False,True,False
wyvern,1492516800000,False,False,False,False,True,False
x-coin,1425643200000,True,False,False,False,True,False
x2,1450267200000,False,False,False,False,True,False
xaucoin,1426507200000,True,False,False,False,True,False
xaurum,1429704000000,False,False,False,True,False,False
xcurrency,1400846400000,False,False,False,False,True,False
xde-ii,1490961600000,False,False,False,False,True,False
xenixcoin,1480680000000,True,False,False,False,True,False
xenon,1509192000000,False,False,False,True,False,False
xgox,1508414400000,False,False,False,False,True,False
xios,1509105600000,False,False,False,False,True,False
xonecoin,1472990400000,True,False,False,False,True,False
xp,1472990400000,False,False,False,False,True,False
xplay,1505822400000,False,False,False,True,False,False
xtd-coin,1503489600000,True,False,False,False,True,False
xtrabytes,1492776000000,False,False,False,False,True,False
yacoin,1370865600000,True,False,False,False,True,False
yashcoin,1483617600000,True,False,False,False,True,False
yellow-token,1510142400000,False,True,False,False,True,False
yescoin,1485432000000,True,False,False,False,True,False
yocoin,1453464000000,True,False,False,False,True,False
yoyow,1503230400000,False,False,False,True,False,False
zayedcoin,1474200000000,True,False,False,False,True,False
zcash,1477828800000,False,False,False,False,True,False
zcash-gold,1510315200000,False,False,False,False,True,False
zccoin,1407240000000,True,False,False,False,True,False
zclassic,1478779200000,False,False,False,False,True,False
zcoin,1475841600000,True,False,False,False,True,False
zeitcoin,1395316800000,True,False,False,False,True,False
zencash,1496404800000,False,False,False,False,True,False
zengold,1496232000000,False,False,False,True,False,False
zennies,1492516800000,False,False,False,False,True,False
zephyr,1510228800000,False,False,False,False,True,False
zero,1490097600000,False,False,False,False,True,False
zetacoin,1378900800000,True,False,False,False,True,False
zetamicron,1479470400000,False,False,False,False,True,False
zeusshield,1507982400000,False,False,False,True,False,False
zilbercoin,1486641600000,True,False,False,False,True,False
zoin,1478779200000,False,False,False,False,True,False
zonecoin,1471348800000,True,False,False,False,True,False
zozocoin,1511352000000,True,False,False,False,True,False
zrcoin,1497700800000,True,False,False,True,False,False
zsecoin,1490961600000,True,False,False,False,True,False
zurcoin,1462881600000,True,False,False,False,True,False
